[
  {
    "name": "Wedding Setlist 1",
    "songs": [
      {
        "id": 2,
        "title": "Don't Stop Believin'",
        "key": "E",
        "youtubeLink": "https://youtube.com/watch?v=1k8craCGpgs",
        "duration": "4:11",
        "bassGuitar": "4-string",
        "guitar": "Electric",
        "backingTrack": false,
        "form": "Intro-Verse-Chorus-Verse-Chorus-Bridge-Chorus-Outro",
        "medley": null,
        "notes": "Crowd favorite - always works",
        "setlistPosition": 1
      },
      {
        "id": 3,
        "title": "80s Rock Medley - Part 1",
        "key": "A",
        "youtubeLink": "",
        "duration": "3:30",
        "bassGuitar": "4-string",
        "guitar": "Electric",
        "backingTrack": false,
        "form": "Verse-Chorus-Verse-Chorus",
        "medley": "80s Rock Medley",
        "medleyPosition": 1,
        "notes": "Eye of the Tiger excerpt",
        "setlistPosition": 2
      },
      {
        "id": 4,
        "title": "80s Rock Medley - Part 2",
        "key": "G",
        "youtubeLink": "",
        "duration": "2:45",
        "bassGuitar": "4-string",
        "guitar": "Electric",
        "backingTrack": false,
        "form": "Chorus-Verse-Chorus",
        "medley": "80s Rock Medley",
        "medleyPosition": 2,
        "notes": "Living on a Prayer excerpt",
        "setlistPosition": 3
      },
      {
        "title": "Hot",
        "key": "A",
        "youtubeLink": "",
        "duration": "4:30",
        "bassGuitar": "synth bass",
        "guitar": "Electric",
        "backingTrack": false,
        "form": "",
        "medley": null,
        "medleyPosition": null,
        "notes": "",
        "id": 6,
        "setlistPosition": 4
      },
      {
        "id": 3,
        "title": "80s Rock Medley - Part 1",
        "key": "A",
        "youtubeLink": "",
        "duration": "3:30",
        "bassGuitar": "4-string",
        "guitar": "Electric",
        "backingTrack": false,
        "form": "Verse-Chorus-Verse-Chorus",
        "medley": "80s Rock Medley",
        "medleyPosition": 1,
        "notes": "Eye of the Tiger excerpt",
        "setlistPosition": 5
      },
      {
        "id": 3,
        "title": "80s Rock Medley - Part 1",
        "key": "A",
        "youtubeLink": "",
        "duration": "3:30",
        "bassGuitar": "4-string",
        "guitar": "Electric",
        "backingTrack": false,
        "form": "Verse-Chorus-Verse-Chorus",
        "medley": "80s Rock Medley",
        "medleyPosition": 1,
        "notes": "Eye of the Tiger excerpt",
        "setlistPosition": 6
      },
      {
        "id": 4,
        "title": "80s Rock Medley - Part 2",
        "key": "G",
        "youtubeLink": "",
        "duration": "2:45",
        "bassGuitar": "4-string",
        "guitar": "Electric",
        "backingTrack": false,
        "form": "Chorus-Verse-Chorus",
        "medley": "80s Rock Medley",
        "medleyPosition": 2,
        "notes": "Living on a Prayer excerpt",
        "setlistPosition": 7
      },
      {
        "title": "Hot",
        "key": "A",
        "youtubeLink": "",
        "duration": "4:30",
        "bassGuitar": "synth bass",
        "guitar": "Electric",
        "backingTrack": false,
        "form": "",
        "medley": null,
        "medleyPosition": null,
        "notes": "",
        "id": 6,
        "setlistPosition": 8
      },
      {
        "title": "Highway to Hell",
        "key": "A",
        "youtubeLink": "https://youtu.be/0m1j-mr7mpQ",
        "duration": "3:28",
        "bassGuitar": "4-string",
        "guitar": "Electric",
        "backingTrack": false,
        "form": "Intro–Verse–Chorus–Verse–Chorus–Solo–Verse–Chorus–Chorus",
        "medley": null,
        "medleyPosition": null,
        "notes": "Rock out with your cock out",
        "id": 5,
        "setlistPosition": 9
      },
      {
        "title": "Hot",
        "key": "A",
        "youtubeLink": "",
        "duration": "4:30",
        "bassGuitar": "synth bass",
        "guitar": "Electric",
        "backingTrack": false,
        "form": "",
        "medley": null,
        "medleyPosition": null,
        "notes": "",
        "id": 6,
        "setlistPosition": 10
      },
      {
        "title": "Highway to Hell",
        "key": "A",
        "youtubeLink": "https://youtu.be/0m1j-mr7mpQ",
        "duration": "3:28",
        "bassGuitar": "4-string",
        "guitar": "Electric",
        "backingTrack": false,
        "form": "Intro–Verse–Chorus–Verse–Chorus–Solo–Verse–Chorus–Chorus",
        "medley": null,
        "medleyPosition": null,
        "notes": "Rock out with your cock out",
        "id": 5,
        "setlistPosition": 11
      },
      {
        "title": "Hot",
        "key": "A",
        "youtubeLink": "",
        "duration": "4:30",
        "bassGuitar": "synth bass",
        "guitar": "Electric",
        "backingTrack": false,
        "form": "",
        "medley": null,
        "medleyPosition": null,
        "notes": "",
        "id": 6,
        "setlistPosition": 12
      }
    ],
    "createdAt": "2025-07-04T20:37:49.870Z",
    "id": 1
  }
]