[
  {
    "title": "Sweet Child O' Mine",
    "artist": "Guns N' Roses",
    "key": "D",
    "youtubeLink": "https://youtube.com/watch?v=1w7OgIMMRc4",
    "duration": "5:03",
    "bassGuitar": "4-string",
    "guitar": "Electric",
    "backingTrack": false,
    "form": "Intro-Verse-Chorus-Verse-Chorus-Solo-Chorus-Outro",
    "medley": null,
    "medleyPosition": null,
    "notes": "Guitar solo extended live - long hair and great solos baby",
    "id": 1
  },
  {
    "id": 2,
    "title": "Don't Stop Believin'",
    "artist": "Journey",
    "key": "E",
    "youtubeLink": "https://youtube.com/watch?v=1k8craCGpgs",
    "duration": "4:11",
    "bassGuitar": "4-string",
    "guitar": "Electric",
    "backingTrack": false,
    "form": "Intro-Verse-Chorus-Verse-Chorus-Bridge-Chorus-Outro",
    "medley": null,
    "notes": "Crowd favorite - always works"
  },
  {
    "id": 3,
    "title": "80s Rock Medley - Part 1",
    "artist": "Survivor",
    "key": "A",
    "youtubeLink": "",
    "duration": "3:30",
    "bassGuitar": "4-string",
    "guitar": "Electric",
    "backingTrack": false,
    "form": "Verse-Chorus-Verse-Chorus",
    "medley": "80s Rock Medley",
    "medleyPosition": 1,
    "notes": "Eye of the Tiger excerpt"
  },
  {
    "id": 4,
    "title": "80s Rock Medley - Part 2",
    "artist": "Bon Jovi",
    "key": "G",
    "youtubeLink": "",
    "duration": "2:45",
    "bassGuitar": "4-string",
    "guitar": "Electric",
    "backingTrack": false,
    "form": "Chorus-Verse-Chorus",
    "medley": "80s Rock Medley",
    "medleyPosition": 2,
    "notes": "Living on a Prayer excerpt"
  },
  {
    "title": "Highway to Hell",
    "artist": "AC/DC",
    "key": "A",
    "youtubeLink": "https://youtu.be/0m1j-mr7mpQ",
    "duration": "3:28",
    "bassGuitar": "4-string",
    "guitar": "Electric",
    "backingTrack": false,
    "form": "Intro–Verse–Chorus–Verse–Chorus–Solo–Verse–Chorus–Chorus",
    "medley": null,
    "medleyPosition": null,
    "notes": "Rock out with your cock out",
    "id": 5
  },
  {
    "title": "Hot",
    "artist": "Infernal",
    "key": "A",
    "youtubeLink": "",
    "duration": "4:30",
    "bassGuitar": "synth bass",
    "guitar": "Electric",
    "backingTrack": false,
    "form": "",
    "medley": null,
    "medleyPosition": null,
    "notes": "",
    "id": 6
  }
]